phi,mean,std,run_1,run_2,run_3,run_4,run_5,run_6,run_7,run_8,run_9,run_10
0.1,0.00761871,0.0019363,0.00614989,0.00570394,0.00651658,0.01138298,0.00809463,0.00512308,0.01002374,0.00921158,0.00758982,0.00639086
0.2,0.0029102,0.00116963,0.00242231,0.0038197,0.00362072,0.00397696,0.00266412,0.0043255,0.00092577,0.00177611,0.00143382,0.00413693
0.3,0.00185229,0.00067493,0.00179829,0.00137228,0.00184417,0.00368144,0.00126067,0.00169767,0.00139256,0.00132233,0.00214482,0.00200866
0.4,0.00215674,0.00087005,0.00117822,0.00072545,0.00262798,0.00298089,0.0036533,0.00161689,0.002575,0.00177608,0.00285093,0.00158261
0.5,0.00267255,0.0011831,0.00596351,0.00208888,0.00214982,0.00174391,0.00236223,0.00245105,0.00164361,0.00331761,0.00242366,0.0025812
0.6,0.00365983,0.00075844,0.00289602,0.00404475,0.00409736,0.00403024,0.00424485,0.00463974,0.00444133,0.00310947,0.00256121,0.0025333
0.7,0.0066582,0.00324531,0.01160175,0.00605285,0.00650389,0.00213936,0.00889025,0.00468282,0.00330703,0.00668848,0.01249173,0.00422386
0.8,0.0099465,0.00374887,0.00380299,0.00351123,0.00888686,0.00737641,0.01327385,0.01216489,0.01303546,0.01471493,0.0104979,0.01220049
0.9,0.01495098,0.00800222,0.02242397,0.02812168,0.00239703,0.00963109,0.01664457,0.01528631,0.01237999,0.00654429,0.01010994,0.02597095
